221.606184,16.0199,-22.6649,-90.1093,-0.411077,1.344897,-0.497072,14.0017,4.7411,-5.6382,-0.291157,1.084618,-0.103135,-10858.0,14807.0,59372.0,34353.0,1490.0,0.0,0.0,0.0,-522.0,204.0,683.0,-1047.0,0.0,walkFR~fwd,630
221.616285,16.0999,-22.6249,-89.7093,-0.423077,1.346897,-0.516072,13.9417,3.6811,-5.7982,-0.280157,1.092118,-0.107135,-10858.0,14807.0,59372.0,34353.0,-330.0,0.0,0.0,0.0,-482.0,204.0,683.0,-1047.0,0.0,walkFR~fwd,630
221.626336,16.0399,-23.0249,-89.8493,-0.418577,1.360897,-0.510572,13.9417,4.1411,-6.3782,-0.282657,1.092618,-0.107135,-10858.0,14807.0,59372.0,34353.0,-436.0,0.0,0.0,0.0,-507.0,197.0,683.0,-1051.0,0.0,walkFR~fwd,630
221.636393,15.6599,-22.7849,-89.9493,-0.424077,1.357397,-0.505572,13.9817,4.3211,-6.2182,-0.285657,1.081118,-0.122635,-10858.0,14807.0,59372.0,34353.0,0.0,0.0,0.0,0.0,-515.0,197.0,683.0,-1047.0,0.0,walkFR~fwd,630
221.646445,16.1199,-22.8649,-90.2693,-0.412577,1.357897,-0.484572,13.8617,4.1211,-6.2182,-0.290657,1.086618,-0.111135,-10858.0,14807.0,59372.0,34353.0,0.0,0.0,0.0,0.0,-515.0,200.0,683.0,-1051.0,0.0,walkFR~fwd,630
221.656549,15.8399,-22.8049,-90.2893,-0.420577,1.362397,-0.515572,13.7217,3.8011,-6.7782,-0.275657,1.099618,-0.101635,-10858.0,14807.0,59372.0,34353.0,-29.0,0.0,0.0,0.0,-525.0,197.0,683.0,-1051.0,0.0,walkFR~fwd,630
221.666603,15.8199,-22.9649,-89.7893,-0.420077,1.361897,-0.503072,14.1817,3.3011,-6.0182,-0.297657,1.087618,-0.113135,-10858.0,14807.0,59372.0,34353.0,-1366.0,0.0,0.0,0.0,-465.0,193.0,683.0,-1051.0,0.0,walkFR~fwd,630
221.676661,16.1799,-22.5649,-89.6893,-0.418577,1.357897,-0.497572,14.2017,3.8811,-6.2182,-0.296657,1.092118,-0.095635,-10858.0,14807.0,59372.0,34353.0,-798.0,0.0,0.0,0.0,-532.0,197.0,683.0,-1047.0,0.0,walkFR~fwd,630
221.68677,16.7399,-22.7249,-90.2293,-0.413077,1.350397,-0.499072,13.4217,3.7811,-6.1582,-0.289657,1.096618,-0.097635,-10858.0,14807.0,59372.0,34353.0,337.0,0.0,0.0,0.0,-583.0,189.0,683.0,-1051.0,0.0,walkFR~fwd,630
221.696836,16.7799,-22.7849,-90.2293,-0.419577,1.348897,-0.503072,13.2817,3.4211,-7.0182,-0.295157,1.093118,-0.115135,-10858.0,14807.0,59372.0,34353.0,1205.0,0.0,0.0,0.0,-547.0,189.0,686.0,-1051.0,0.0,walkFR~fwd,630
221.706904,16.3999,-22.8049,-90.6093,-0.405077,1.339897,-0.495572,13.4017,4.0611,-6.4182,-0.283657,1.093618,-0.097635,-10859.0,14807.0,59372.0,34353.0,1051.0,0.0,0.0,0.0,-511.0,186.0,683.0,-1054.0,0.0,walkFR~fwd,630
221.716961,16.9799,-22.4849,-90.3093,-0.421077,1.353897,-0.507072,13.9017,3.8811,-6.6782,-0.294657,1.099618,-0.094135,-10859.0,14807.0,59372.0,34353.0,-1198.0,0.0,0.0,0.0,-497.0,189.0,686.0,-1051.0,0.0,walkFR~fwd,630
221.727013,17.3799,-22.7649,-89.9093,-0.419077,1.332397,-0.511572,13.8017,3.4811,-6.3782,-0.309157,1.101118,-0.092135,-10859.0,14807.0,59372.0,34353.0,-2296.0,0.0,0.0,0.0,-472.0,182.0,686.0,-1051.0,0.0,walkFR~fwd,630
221.73728,16.7599,-22.7049,-89.9693,-0.422577,1.334897,-0.495072,13.6817,3.6611,-6.1582,-0.301157,1.101618,-0.103635,-10859.0,14807.0,59372.0,34352.0,-1516.0,0.0,0.0,-2157.0,-515.0,182.0,683.0,-1018.0,0.0,walkFR~fwd,630
221.747332,17.1999,-22.8249,-90.1493,-0.420077,1.341397,-0.504572,13.5817,3.6411,-6.4782,-0.290657,1.095618,-0.101635,-10858.0,14807.0,59372.0,34352.0,1849.0,0.0,0.0,0.0,-565.0,182.0,690.0,-1047.0,0.0,walkFR~fwd,630
221.757401,16.6799,-22.6049,-90.1293,-0.419077,1.347397,-0.478572,13.1017,3.3611,-5.9982,-0.302657,1.105118,-0.113135,-10858.0,14807.0,59372.0,34352.0,1143.0,0.0,0.0,0.0,-540.0,179.0,686.0,-1047.0,0.0,walkFR~fwd,630
221.767462,16.1999,-22.7249,-90.3093,-0.422077,1.354897,-0.521072,13.5417,3.1411,-6.2182,-0.298157,1.098118,-0.109135,-10858.0,14807.0,59372.0,34352.0,1890.0,0.0,0.0,0.0,-540.0,179.0,683.0,-1044.0,0.0,walkFR~fwd,630
221.777592,16.7399,-23.0649,-89.8893,-0.425077,1.343397,-0.502572,13.2217,3.5811,-6.6382,-0.301157,1.100618,-0.113135,-10859.0,14807.0,59372.0,34352.0,0.0,0.0,0.0,0.0,-507.0,179.0,686.0,-1044.0,0.0,walkFR~fwd,630
221.787592,16.2599,-22.8249,-89.8493,-0.424077,1.335397,-0.483572,12.7817,3.3411,-5.3782,-0.306657,1.111118,-0.105135,-10859.0,14807.0,59372.0,34352.0,0.0,0.0,0.0,0.0,-504.0,175.0,690.0,-1051.0,0.0,walkFR~fwd,630
221.797693,16.7199,-22.8449,-89.9693,-0.420577,1.347897,-0.504572,13.4817,3.4411,-5.8982,-0.304157,1.107618,-0.101635,-10859.0,14807.0,59372.0,34352.0,-88.0,0.0,0.0,0.0,-511.0,172.0,686.0,-1044.0,0.0,walkFR~fwd,630
221.807881,16.4999,-22.6849,-89.8693,-0.429577,1.346397,-0.505072,13.0017,3.8411,-5.4582,-0.300657,1.114118,-0.107135,-10859.0,14807.0,59372.0,34352.0,0.0,0.0,0.0,0.0,-507.0,172.0,686.0,-1044.0,0.0,walkFR~fwd,630
221.817945,16.1799,-23.0449,-89.6493,-0.404077,1.344897,-0.492072,13.2617,3.6811,-5.7782,-0.309157,1.105618,-0.082135,-10859.0,14807.0,59372.0,34352.0,95.0,0.0,0.0,0.0,-497.0,172.0,690.0,-1044.0,0.0,walkFR~fwd,630
221.828009,16.4399,-23.1249,-90.4893,-0.430077,1.351397,-0.498572,13.2017,2.9211,-5.4782,-0.309157,1.114118,-0.109135,-10860.0,14807.0,59372.0,34352.0,-1080.0,0.0,0.0,0.0,-454.0,168.0,690.0,-1044.0,0.0,walkFR~fwd,630
221.838141,17.0199,-22.6649,-89.6293,-0.424077,1.340397,-0.500572,13.1817,2.9611,-5.4382,-0.302657,1.104618,-0.092135,-10859.0,14807.0,59372.0,34352.0,-377.0,0.0,0.0,0.0,-511.0,172.0,686.0,-1044.0,0.0,walkFR~fwd,630
221.848193,16.8999,-22.9449,-89.9493,-0.413577,1.343397,-0.512072,13.3017,3.0211,-6.0582,-0.308157,1.103118,-0.092135,-10860.0,14807.0,59372.0,34351.0,-1150.0,0.0,0.0,-626.0,-447.0,168.0,690.0,-1015.0,0.0,walkFR~fwd,630
221.858241,16.3599,-22.8849,-89.6493,-0.433077,1.346897,-0.499072,13.4217,3.1811,-5.9982,-0.308657,1.111118,-0.105635,-10860.0,14806.0,59372.0,34351.0,-674.0,-626.0,0.0,0.0,-465.0,211.0,686.0,-1040.0,0.0,walkFR~fwd,630
221.868352,16.6599,-22.6849,-89.8493,-0.433077,1.346397,-0.503572,13.5217,2.9411,-5.8982,-0.301657,1.112118,-0.094135,-10859.0,14806.0,59372.0,34351.0,-729.0,1011.0,0.0,0.0,-511.0,197.0,690.0,-1040.0,0.0,walkFR~fwd,630
221.878417,16.5399,-23.3249,-89.8693,-0.439077,1.344897,-0.503072,12.9017,2.9411,-5.7982,-0.313657,1.123618,-0.101635,-10859.0,14806.0,59372.0,34351.0,1121.0,0.0,0.0,0.0,-522.0,172.0,690.0,-1040.0,0.0,walkFR~fwd,630
221.888491,16.2399,-23.2649,-89.8093,-0.431577,1.346397,-0.499072,12.3617,2.8011,-6.0582,-0.315157,1.119118,-0.095635,-10860.0,14806.0,59372.0,34351.0,0.0,0.0,0.0,0.0,-436.0,172.0,686.0,-1040.0,0.0,walkFR~fwd,630
221.898551,16.5999,-23.0449,-89.5893,-0.436077,1.345397,-0.516072,12.9217,3.0211,-5.9382,-0.306157,1.118118,-0.099635,-10860.0,14806.0,59372.0,34350.0,370.0,0.0,0.0,-582.0,-525.0,168.0,690.0,-1033.0,0.0,walkFR~fwd,630
221.908621,16.2399,-23.3649,-89.8493,-0.427577,1.338897,-0.508072,12.8417,3.0011,-5.6782,-0.306657,1.116618,-0.109135,-10859.0,14806.0,59372.0,34350.0,-18.0,0.0,0.0,0.0,-529.0,168.0,690.0,-1033.0,0.0,walkFR~fwd,630
221.918674,16.6999,-22.9449,-90.3293,-0.435077,1.348897,-0.498072,12.3617,2.7811,-5.8582,-0.311657,1.107618,-0.107135,-10859.0,14806.0,59372.0,34350.0,758.0,0.0,0.0,0.0,-493.0,168.0,690.0,-1029.0,0.0,walkFR~fwd,630
221.928723,16.9599,-23.0449,-89.6493,-0.431577,1.349397,-0.501072,12.7417,3.0011,-5.6382,-0.308657,1.116618,-0.101635,-10859.0,14805.0,59372.0,34350.0,0.0,-106.0,0.0,0.0,-504.0,172.0,690.0,-1033.0,0.0,walkFR~fwd,630
221.938772,16.3599,-23.1249,-89.8893,-0.421577,1.340897,-0.485572,13.1617,3.1611,-5.9382,-0.308157,1.114118,-0.111135,-10859.0,14805.0,59372.0,34349.0,-385.0,0.0,0.0,-223.0,-493.0,168.0,686.0,-1022.0,0.0,walkFR~fwd,630
221.948833,16.3799,-23.2649,-90.1493,-0.437577,1.354397,-0.507572,13.0417,2.9611,-5.6982,-0.319657,1.116118,-0.117135,-10859.0,14805.0,59372.0,34349.0,0.0,0.0,0.0,0.0,-500.0,168.0,693.0,-1022.0,0.0,walkFR~fwd,630
221.958893,17.1799,-23.1449,-89.4893,-0.441077,1.344897,-0.501072,12.9017,3.1811,-6.2182,-0.308657,1.111618,-0.088135,-10859.0,14805.0,59372.0,34349.0,-271.0,0.0,0.0,0.0,-507.0,168.0,690.0,-1022.0,0.0,walkFR~fwd,630
221.968958,16.5199,-23.1649,-89.4893,-0.437577,1.347397,-0.491572,13.2617,3.0811,-5.7382,-0.299657,1.106618,-0.099635,-10859.0,14805.0,59372.0,34348.0,0.0,0.0,0.0,-476.0,-504.0,168.0,693.0,-1018.0,0.0,walkFR~fwd,630
221.979033,16.8399,-23.0249,-90.0293,-0.434577,1.341897,-0.505072,13.0417,2.4211,-5.9582,-0.299157,1.126618,-0.101635,-10858.0,14804.0,59372.0,34347.0,842.0,-223.0,0.0,-2120.0,-486.0,175.0,693.0,-972.0,0.0,walkFR~fwd,630
221.989091,16.2599,-23.1249,-89.9093,-0.433577,1.348897,-0.505572,12.7217,2.4611,-6.5182,-0.302157,1.119118,-0.115135,-10859.0,14803.0,59372.0,34347.0,95.0,-1827.0,0.0,0.0,-486.0,236.0,690.0,-1008.0,0.0,walkFR~fwd,630
221.99915,16.4999,-23.2649,-89.9093,-0.437077,1.345397,-0.499572,13.1817,3.0811,-5.8982,-0.312157,1.108118,-0.103635,-10858.0,14803.0,59372.0,34346.0,831.0,0.0,0.0,-476.0,-525.0,179.0,690.0,-1001.0,0.0,walkFR~fwd,630
222.009193,17.2799,-23.0249,-90.1693,-0.428577,1.330397,-0.498572,12.8817,3.2611,-5.8382,-0.297157,1.107118,-0.093635,-10858.0,14802.0,59373.0,34346.0,0.0,-2139.0,828.0,0.0,-507.0,197.0,690.0,-997.0,0.0,walkFR~fwd,630
222.019254,16.7199,-22.9649,-90.4093,-0.425077,1.340897,-0.482572,14.2217,4.1411,-16.3982,-0.110657,0.820118,-0.117135,-10858.0,14801.0,59374.0,34345.0,29.0,-3446.0,2076.0,-18.0,-493.0,229.0,672.0,-990.0,0.0,walkFR~fwd,630
222.029303,16.9199,-23.0449,-89.9893,-0.427077,1.341897,-0.501072,15.7217,4.4411,-36.4982,0.013843,0.456118,-0.099135,-10858.0,14801.0,59375.0,34344.0,670.0,-1681.0,3263.0,-1571.0,-522.0,222.0,636.0,-986.0,0.0,walkFR~fwd,630
222.039361,16.2599,-23.5449,-90.1693,-0.443577,1.346897,-0.511572,11.5417,0.1011,-40.4382,-0.356157,0.904118,-0.094635,-10857.0,14801.0,59375.0,34343.0,-234.0,0.0,1820.0,-1545.0,-532.0,193.0,625.0,-915.0,0.0,walkFR~fwd,630
222.049424,16.6999,-23.0649,-90.1693,-0.429077,1.347397,-0.513072,9.4417,-0.5789,-34.8582,-0.546157,1.213618,-0.082635,-10857.0,14801.0,59375.0,34343.0,846.0,0.0,1593.0,0.0,-550.0,193.0,658.0,-976.0,0.0,walkFR~fwd,630
222.059494,16.2599,-23.1049,-90.2893,-0.436577,1.344397,-0.506072,11.3417,1.7811,-30.2782,-0.352157,1.007618,-0.077635,-10858.0,14801.0,59375.0,34342.0,0.0,0.0,0.0,-967.0,-450.0,193.0,672.0,-968.0,0.0,walkFR~fwd,630
222.069554,16.4199,-23.3849,-90.0093,-0.448077,1.341397,-0.515072,13.7017,3.9611,-34.8982,-0.117657,0.756118,-0.109635,-10857.0,14801.0,59375.0,34341.0,608.0,0.0,0.0,-2139.0,-554.0,189.0,672.0,-943.0,0.0,walkFR~fwd,630
222.079625,16.2999,-23.4449,-90.5893,-0.426577,1.336397,-0.507072,12.7417,3.3811,-37.3382,-0.170657,0.798618,-0.090635,-10857.0,14801.0,59375.0,34341.0,729.0,0.0,0.0,0.0,-529.0,193.0,672.0,-951.0,0.0,walkFR~fwd,630
222.089674,16.2399,-23.7049,-90.2093,-0.429077,1.345397,-0.505572,11.1217,1.3811,-37.4982,-0.340157,0.957118,-0.080635,-10857.0,14801.0,59375.0,34340.0,491.0,0.0,0.0,-18.0,-522.0,193.0,672.0,-940.0,0.0,walkFR~fwd,630
222.099863,20.3199,-30.6849,-129.9093,-0.936577,1.390897,-0.649072,11.2217,1.3011,-38.3582,-0.330157,0.944618,-0.075135,-10858.0,14801.0,59375.0,34339.0,-641.0,0.0,0.0,-297.0,-497.0,193.0,672.0,-936.0,0.0,walkFR~fwd,630
222.109929,13.8599,-25.6849,-134.3893,0.128923,1.886897,-0.611072,12.6017,3.0811,-39.9782,-0.232657,0.814618,-0.080635,-10858.0,14801.0,59375.0,34338.0,-703.0,0.0,0.0,-1417.0,-465.0,193.0,672.0,-929.0,0.0,walkFR~fwd,630
222.119985,16.4399,-23.6449,-137.4893,0.265923,1.796397,-0.546072,12.1817,3.6411,-41.5382,-0.228157,0.783618,-0.084635,-10857.0,14801.0,59375.0,34337.0,-1117.0,0.0,0.0,-2139.0,-518.0,193.0,668.0,-904.0,0.0,walkFR~fwd,630
222.130046,22.5399,-24.9449,-147.6693,-0.016077,1.153397,-0.514572,11.9417,2.2611,-42.9382,-0.305157,0.823618,-0.077135,-10857.0,14801.0,59375.0,34336.0,535.0,0.0,0.0,-1150.0,-504.0,193.0,672.0,-854.0,0.0,walkFR~fwd,630
222.140092,20.6999,-23.9449,-141.1293,0.015423,1.370397,-0.542572,11.5817,2.7211,-46.4782,-0.293657,0.804618,-0.067635,-10858.0,14801.0,59376.0,34336.0,1238.0,0.0,2139.0,0.0,-507.0,193.0,647.0,-901.0,0.0,walkFR~fwd,630
222.150152,22.1199,-25.9449,-152.7493,-0.012577,1.349897,-0.591572,11.5217,3.1011,-52.5182,-0.242657,0.743118,-0.074135,-10858.0,14801.0,59377.0,34335.0,0.0,0.0,1150.0,0.0,-511.0,193.0,611.0,-893.0,0.0,walkFR~fwd,630
222.160204,21.5399,-25.5449,-158.6093,0.074423,1.440397,-0.609072,11.4617,2.7411,-58.2782,-0.272657,0.672618,-0.066635,-10858.0,14801.0,59377.0,34334.0,516.0,0.0,0.0,-161.0,-532.0,193.0,654.0,-879.0,0.0,walkFR~fwd,630
222.170264,20.7999,-25.4249,-161.8893,0.169923,1.548897,-0.605072,11.0617,2.7811,-63.8382,-0.260157,0.667118,-0.056135,-10858.0,14801.0,59378.0,34332.0,0.0,0.0,161.0,-1216.0,-507.0,193.0,647.0,-815.0,0.0,walkFR~fwd,630
222.180348,21.3399,-26.3849,-170.4893,0.170923,1.602897,-0.667072,11.0217,3.0811,-69.0582,-0.246157,0.610618,-0.067635,-10858.0,14801.0,59379.0,34331.0,0.0,0.0,1571.0,-1337.0,-511.0,197.0,640.0,-854.0,0.0,walkFR~fwd,630
222.190406,21.2599,-25.6849,-174.6293,0.192423,1.652897,-0.656572,11.1617,3.2011,-74.8982,-0.221657,0.533118,-0.067635,-10858.0,14801.0,59379.0,34329.0,95.0,0.0,0.0,-2344.0,-497.0,197.0,640.0,-786.0,0.0,walkFR~fwd,630
222.200457,22.0599,-25.8849,-180.8693,0.249923,1.651397,-0.666072,11.3017,3.2011,-79.2982,-0.266157,0.500118,-0.062135,-10858.0,14801.0,59379.0,34328.0,-26.0,0.0,0.0,-1945.0,-490.0,197.0,636.0,-818.0,0.0,walkFR~fwd,630
222.210518,22.7799,-26.2449,-186.7693,0.299923,1.652897,-0.676072,10.6817,3.2411,-83.2982,-0.261157,0.476618,-0.047135,-10858.0,14801.0,59379.0,34327.0,894.0,0.0,0.0,-619.0,-522.0,197.0,636.0,-808.0,0.0,walkFR~fwd,630
222.220574,23.4799,-26.4649,-192.5293,0.332423,1.661397,-0.663072,10.8017,3.2611,-86.7982,-0.234657,0.450118,-0.037635,-10858.0,14801.0,59379.0,34326.0,-974.0,0.0,0.0,-1113.0,-493.0,193.0,636.0,-793.0,0.0,walkFR~fwd,630
222.230637,24.2799,-25.8049,-199.8893,0.377423,1.667897,-0.670572,11.0417,3.4211,-89.1782,-0.248657,0.421618,-0.039635,-10858.0,14801.0,59379.0,34325.0,-557.0,0.0,0.0,-2120.0,-507.0,193.0,633.0,-750.0,0.0,walkFR~fwd,630
222.240697,24.1999,-25.7849,-208.6093,0.475923,1.714397,-0.661572,11.0217,2.8211,-92.2782,-0.259657,0.406118,-0.015135,-10857.0,14801.0,59379.0,34325.0,1805.0,0.0,0.0,0.0,-515.0,193.0,629.0,-775.0,0.0,walkFR~fwd,630
222.250768,23.2199,-26.4249,-215.1893,0.518922,1.773397,-0.668572,11.2417,3.0811,-94.7782,-0.298657,0.372118,-0.005635,-10858.0,14801.0,59379.0,34325.0,-1121.0,0.0,0.0,0.0,-482.0,200.0,633.0,-768.0,0.0,walkFR~fwd,630
222.260824,23.9599,-26.6449,-221.1893,0.585422,1.784897,-0.652572,11.7617,2.9011,-98.5982,-0.282657,0.347118,-0.001635,-10858.0,14801.0,59379.0,34325.0,18.0,0.0,0.0,0.0,-536.0,197.0,629.0,-761.0,0.0,walkFR~fwd,630
222.27088,23.9599,-25.9649,-224.4493,0.598422,1.779397,-0.666072,11.6017,2.8811,-103.0982,-0.300157,0.295618,-0.025135,-10858.0,14801.0,59379.0,34325.0,22.0,0.0,0.0,0.0,-557.0,197.0,629.0,-754.0,0.0,walkFR~fwd,630
222.281009,24.2199,-25.9049,-228.0893,0.628422,1.775897,-0.651072,12.3017,4.0611,-105.5982,-0.273657,0.261118,-0.017135,-10858.0,14801.0,59379.0,34325.0,59.0,0.0,0.0,0.0,-472.0,197.0,625.0,-743.0,0.0,walkFR~fwd,630
222.291045,25.2199,-26.3049,-231.2893,0.626923,1.776397,-0.667072,11.6217,3.6611,-107.6982,-0.264657,0.274618,-0.032635,-10858.0,14801.0,59379.0,34325.0,0.0,0.0,0.0,0.0,-504.0,197.0,625.0,-740.0,0.0,walkFR~fwd,630
222.301173,25.3399,-26.2849,-236.9093,0.670922,1.784897,-0.660572,12.0817,5.0011,-111.1182,-0.147657,0.248618,-0.053635,-10858.0,14801.0,59379.0,34325.0,0.0,0.0,0.0,0.0,-511.0,197.0,622.0,-729.0,0.0,walkFR~fwd,630
222.311226,26.3599,-25.9649,-242.4093,0.686423,1.799397,-0.703572,11.9217,5.2811,-112.5982,-0.246157,0.227618,-0.068635,-10858.0,14801.0,59379.0,34325.0,-560.0,0.0,0.0,0.0,-504.0,197.0,618.0,-722.0,0.0,walkFR~fwd,630
222.321285,26.2599,-26.9649,-248.3893,0.702422,1.820397,-0.731572,11.7817,5.1411,-112.3982,-0.240157,0.228118,-0.065135,-10858.0,14801.0,59379.0,34325.0,0.0,0.0,0.0,0.0,-515.0,197.0,615.0,-715.0,0.0,walkFR~fwd,630
222.33133,27.6999,-26.0249,-252.1093,0.730422,1.841397,-0.737572,12.5217,5.3611,-112.5782,-0.247157,0.210118,-0.080135,-10859.0,14801.0,59379.0,34325.0,344.0,0.0,0.0,0.0,-497.0,197.0,615.0,-708.0,0.0,walkFR~fwd,630
222.341393,27.8799,-26.4649,-254.8293,0.728923,1.853397,-0.779572,12.4817,5.8811,-114.2782,-0.249657,0.194618,-0.067135,-10859.0,14801.0,59379.0,34325.0,410.0,0.0,0.0,0.0,-454.0,197.0,611.0,-700.0,0.0,walkFR~fwd,630
222.351451,27.9999,-26.4449,-256.5493,0.716422,1.843897,-0.790072,13.2617,6.1011,-116.6382,-0.379157,0.166118,-0.059135,-10858.0,14801.0,59379.0,34325.0,1150.0,0.0,0.0,0.0,-561.0,197.0,611.0,-697.0,0.0,walkFR~fwd,630
222.361502,29.1399,-26.4849,-259.4693,0.713923,1.865897,-0.799572,13.0017,6.7211,-121.7182,-0.260157,0.129118,-0.070635,-10858.0,14801.0,59379.0,34325.0,974.0,0.0,0.0,0.0,-529.0,197.0,615.0,-686.0,0.0,walkFR~fwd,630
222.37157,29.1599,-26.1049,-264.2493,0.744422,1.873897,-0.811072,12.9617,7.4211,-127.4982,-0.134157,0.086118,-0.059135,-10858.0,14801.0,59379.0,34325.0,967.0,0.0,0.0,0.0,-500.0,200.0,611.0,-683.0,0.0,walkFR~fwd,630
222.381635,29.7799,-26.2249,-267.5493,0.754922,1.881397,-0.823572,13.2217,7.6411,-131.0382,-0.224157,0.059618,-0.062635,-10858.0,14801.0,59379.0,34325.0,165.0,0.0,0.0,0.0,-504.0,200.0,608.0,-672.0,0.0,walkFR~fwd,630
222.391693,30.2999,-26.1649,-271.3493,0.773423,1.883897,-0.838072,13.7217,8.2411,-133.7382,-0.253657,0.039618,-0.059135,-10858.0,14801.0,59379.0,34325.0,835.0,0.0,0.0,0.0,-515.0,200.0,604.0,-665.0,0.0,walkFR~fwd,630
222.401749,30.4999,-26.0449,-273.3293,0.784423,1.878397,-0.820572,13.6617,8.0411,-136.1782,-0.376157,0.013118,-0.032135,-10859.0,14801.0,59379.0,34325.0,-392.0,0.0,0.0,0.0,-500.0,200.0,604.0,-654.0,0.0,walkFR~fwd,630
222.411918,30.6999,-26.3249,-274.7493,0.803423,1.894897,-0.828572,13.7617,8.6411,-136.3382,-0.270657,-0.001382,0.001865,-10859.0,14801.0,59379.0,34325.0,-1663.0,0.0,0.0,0.0,-450.0,200.0,600.0,-650.0,0.0,walkFR~fwd,630
222.42202,31.2599,-25.5049,-275.1493,0.795423,1.883897,-0.827572,13.0217,8.2411,-137.5582,-0.272157,0.003618,0.023365,-10860.0,14801.0,59379.0,34325.0,-1721.0,0.0,0.0,0.0,-504.0,200.0,597.0,-636.0,0.0,walkFR~fwd,630
222.432137,31.2199,-25.7849,-276.1693,0.791423,1.881397,-0.833072,14.1017,8.4411,-138.4582,-0.312657,-0.002882,0.074865,-10860.0,14801.0,59379.0,34325.0,-1472.0,0.0,0.0,0.0,-450.0,200.0,597.0,-636.0,0.0,walkFR~fwd,630
222.442241,31.1599,-25.8249,-276.4693,0.804922,1.879897,-0.826072,13.7617,8.1811,-139.0582,-0.324657,-0.004882,0.070865,-10861.0,14802.0,59379.0,34325.0,0.0,1113.0,0.0,0.0,-493.0,197.0,597.0,-622.0,0.0,walkFR~fwd,630
222.452296,31.3799,-25.7449,-276.7493,0.793922,1.884897,-0.840072,12.7817,8.2011,-139.3182,-0.344657,0.010118,0.070865,-10862.0,14803.0,59379.0,34326.0,264.0,2062.0,0.0,381.0,-468.0,193.0,597.0,-625.0,0.0,walkFR~fwd,630
222.462348,31.3399,-25.4449,-276.5093,0.771423,1.885397,-0.819572,13.3417,9.0211,-139.4982,-0.351157,0.011118,0.078865,-10863.0,14803.0,59378.0,34326.0,-1827.0,0.0,-626.0,0.0,-418.0,186.0,629.0,-618.0,0.0,walkFR~fwd,630
222.472406,31.8199,-25.5249,-276.0093,0.782423,1.872397,-0.827072,12.9017,8.5411,-139.8582,-0.356657,0.021618,0.080865,-10863.0,14804.0,59378.0,34326.0,0.0,2139.0,0.0,0.0,-465.0,168.0,604.0,-611.0,0.0,walkFR~fwd,630
222.482459,31.5799,-24.9449,-275.5093,0.776922,1.883897,-0.827072,13.1617,8.6611,-140.5382,-0.367657,0.038618,0.095865,-10864.0,14804.0,59378.0,34326.0,-626.0,0.0,0.0,0.0,-429.0,182.0,593.0,-608.0,0.0,walkFR~fwd,630
222.492511,31.2999,-25.2449,-276.0893,0.776922,1.889397,-0.826572,12.5417,8.3411,-140.8982,-0.370157,0.030118,0.074865,-10863.0,14805.0,59378.0,34327.0,0.0,2139.0,0.0,381.0,-518.0,157.0,597.0,-608.0,0.0,walkFR~fwd,630
222.502563,31.8999,-25.4649,-275.8693,0.781423,1.902897,-0.819572,11.8417,7.9411,-140.6382,-0.383157,0.045618,0.062865,-10864.0,14805.0,59378.0,34327.0,-223.0,1282.0,0.0,0.0,-465.0,164.0,597.0,-593.0,0.0,walkFR~fwd,630
222.512631,31.4599,-24.9649,-275.7093,0.786922,1.897897,-0.795572,12.7217,8.2811,-140.4182,-0.388157,0.061118,0.078365,-10864.0,14806.0,59377.0,34327.0,0.0,652.0,-476.0,0.0,-465.0,168.0,600.0,-593.0,0.0,walkFR~fwd,630
222.522693,31.4599,-25.6049,-276.1293,0.768922,1.904397,-0.804072,12.3817,7.6811,-140.1582,-0.395657,0.062618,0.062865,-10864.0,14806.0,59377.0,34328.0,568.0,0.0,0.0,1417.0,-518.0,168.0,593.0,-586.0,0.0,walkFR~fwd,630
222.532746,30.8599,-26.0249,-277.5093,0.768423,1.924397,-0.816572,12.2617,7.9411,-139.4182,-0.393157,0.067118,0.037865,-10866.0,14806.0,59377.0,34328.0,-2714.0,0.0,0.0,0.0,-440.0,168.0,600.0,-583.0,0.0,walkFR~fwd,630
222.542796,30.8199,-25.6849,-279.2893,0.783922,1.921397,-0.796572,12.4817,7.4011,-139.8382,-0.381157,0.069618,0.018365,-10866.0,14806.0,59377.0,34328.0,-1758.0,0.0,0.0,0.0,-443.0,164.0,597.0,-572.0,0.0,walkFR~fwd,630
222.552855,30.8999,-25.4649,-280.5493,0.771922,1.933897,-0.790572,12.4417,8.0211,-139.5782,-0.375157,0.066618,0.005365,-10866.0,14806.0,59377.0,34329.0,0.0,0.0,0.0,1721.0,-440.0,164.0,593.0,-575.0,0.0,walkFR~fwd,630
222.562925,30.8199,-25.7249,-281.9293,0.779922,1.948897,-0.791572,12.5217,7.9811,-138.2182,-0.390657,0.076618,0.012865,-10866.0,14806.0,59377.0,34329.0,0.0,0.0,0.0,0.0,-440.0,164.0,593.0,-568.0,0.0,walkFR~fwd,630
222.572984,30.6799,-26.0849,-281.3893,0.771423,1.947397,-0.803072,11.8817,7.4811,-136.6182,-0.374657,0.092618,-0.011635,-10866.0,14806.0,59377.0,34329.0,0.0,0.0,0.0,0.0,-440.0,164.0,593.0,-561.0,0.0,walkFR~fwd,630
222.583058,30.8399,-26.0449,-281.4293,0.751923,1.943897,-0.812572,12.4817,8.0011,-134.8382,-0.394157,0.096618,0.003365,-10866.0,14806.0,59377.0,34329.0,0.0,0.0,0.0,0.0,-436.0,161.0,593.0,-557.0,0.0,walkFR~fwd,630
222.593119,30.3599,-26.1849,-281.9293,0.772423,1.972897,-0.825572,12.2417,7.1611,-133.9782,-0.382157,0.110118,-0.010135,-10866.0,14806.0,59377.0,34330.0,0.0,0.0,0.0,699.0,-432.0,161.0,590.0,-557.0,0.0,walkFR~fwd,630
222.603197,31.1199,-26.4249,-282.2093,0.749422,1.984397,-0.832072,12.6617,7.7011,-132.7782,-0.395657,0.121618,-0.021135,-10866.0,14806.0,59376.0,34330.0,0.0,0.0,-1417.0,0.0,-432.0,161.0,593.0,-550.0,0.0,walkFR~fwd,630
222.613261,31.0799,-26.0649,-282.6693,0.740923,1.974397,-0.846072,12.5417,7.1011,-132.9182,-0.383157,0.110118,-0.002135,-10866.0,14806.0,59375.0,34331.0,0.0,0.0,-1857.0,0.0,-432.0,157.0,600.0,-550.0,0.0,walkFR~fwd,630
222.623323,31.2999,-26.0049,-283.6693,0.748923,1.963397,-0.838072,12.8617,7.2411,-132.4982,-0.377157,0.107618,-0.009635,-10866.0,14806.0,59375.0,34331.0,0.0,0.0,-2051.0,0.0,-425.0,154.0,561.0,-547.0,0.0,walkFR~fwd,630
222.633397,31.6799,-25.5049,-283.4893,0.756922,1.966397,-0.843572,12.9617,7.3211,-132.4582,-0.380657,0.101118,-0.009635,-10866.0,14806.0,59374.0,34331.0,0.0,0.0,-2069.0,0.0,-425.0,157.0,640.0,-540.0,0.0,walkFR~fwd,630
222.643457,31.7199,-25.8849,-284.0093,0.753922,1.972897,-0.858572,13.3217,7.8211,-131.8982,-0.383157,0.092618,-0.015135,-10866.0,14806.0,59374.0,34332.0,0.0,0.0,-1816.0,2014.0,-425.0,154.0,618.0,-590.0,0.0,walkFR~fwd,630
222.653517,32.3999,-25.1449,-283.6693,0.733422,1.967897,-0.832072,12.8417,8.1411,-131.3982,-0.379157,0.100618,0.013365,-10866.0,14806.0,59374.0,34332.0,-740.0,0.0,0.0,0.0,-425.0,157.0,608.0,-532.0,0.0,walkFR~fwd,630
222.663595,32.6199,-25.6049,-284.2093,0.762423,1.972897,-0.868072,13.5417,8.3411,-131.3582,-0.389157,0.106618,0.032365,-10866.0,14806.0,59374.0,34333.0,-1597.0,0.0,0.0,381.0,-357.0,150.0,608.0,-532.0,0.0,walkFR~fwd,630
222.673655,32.4799,-26.1249,-283.2693,0.744923,1.973397,-0.853072,13.9817,8.1211,-130.9582,-0.381657,0.102118,0.036365,-10865.0,14806.0,59374.0,34333.0,905.0,0.0,0.0,0.0,-422.0,150.0,604.0,-529.0,0.0,walkFR~fwd,630
222.68371,32.5799,-25.8449,-283.4493,0.742422,1.971397,-0.861072,13.2817,8.3811,-130.0182,-0.377657,0.118618,0.030365,-10865.0,14806.0,59374.0,34333.0,0.0,0.0,0.0,0.0,-422.0,150.0,604.0,-522.0,0.0,walkFR~fwd,630
222.693767,32.3399,-25.5849,-282.6293,0.720923,1.970897,-0.858572,13.0417,7.6211,-129.3782,-0.393157,0.107618,0.015365,-10865.0,14806.0,59374.0,34334.0,0.0,0.0,0.0,2076.0,-415.0,150.0,604.0,-536.0,0.0,walkFR~fwd,630
222.703968,32.3599,-26.0449,-283.2293,0.731422,1.977897,-0.864572,12.8417,7.5211,-129.6182,-0.388657,0.118118,0.016865,-10865.0,14806.0,59374.0,34334.0,0.0,0.0,0.0,0.0,-415.0,150.0,608.0,-518.0,0.0,walkFR~fwd,630
222.71397,32.8999,-25.3049,-283.4893,0.731923,1.978397,-0.860072,13.2017,7.0011,-129.7382,-0.405157,0.124118,0.020365,-10865.0,14806.0,59374.0,34335.0,0.0,0.0,0.0,59.0,-415.0,147.0,604.0,-518.0,0.0,walkFR~fwd,630
222.724036,32.9399,-25.8049,-283.7293,0.715923,1.980397,-0.870072,12.5617,7.5611,-130.2982,-0.408157,0.131118,0.018865,-10865.0,14806.0,59374.0,34335.0,0.0,0.0,0.0,0.0,-415.0,143.0,604.0,-515.0,0.0,walkFR~fwd,630
222.734124,32.5599,-25.0649,-283.7093,0.727923,1.979897,-0.861072,12.7217,8.2411,-130.2582,-0.400657,0.141618,0.030365,-10865.0,14805.0,59374.0,34335.0,0.0,-1263.0,0.0,0.0,-415.0,150.0,604.0,-511.0,0.0,walkFR~fwd,630
222.744241,32.4799,-25.2249,-283.6293,0.719422,1.987897,-0.859072,12.4417,7.2611,-129.7182,-0.420657,0.136618,0.024365,-10865.0,14805.0,59374.0,34335.0,0.0,-1150.0,0.0,791.0,-415.0,150.0,604.0,-479.0,0.0,walkFR~fwd,630
222.754378,32.7399,-25.7249,-282.2693,0.716422,1.992897,-0.855572,13.0417,8.5411,-128.8982,-0.402157,0.138618,0.034365,-10865.0,14805.0,59374.0,34336.0,0.0,0.0,0.0,1523.0,-407.0,150.0,608.0,-504.0,0.0,walkFR~fwd,630
222.764493,32.6199,-25.7049,-281.8893,0.716422,1.989397,-0.863572,13.0217,7.9011,-128.9782,-0.406657,0.147618,0.038365,-10865.0,14805.0,59374.0,34337.0,0.0,0.0,0.0,0.0,-404.0,150.0,604.0,-511.0,0.0,walkFR~fwd,630
222.774603,32.4799,-25.0249,-281.2093,0.700422,2.003897,-0.845572,12.5617,7.4011,-128.7582,-0.417157,0.148618,0.039865,-10865.0,14805.0,59374.0,34337.0,0.0,0.0,0.0,0.0,-404.0,147.0,600.0,-504.0,0.0,walkFR~fwd,630
222.784665,32.6399,-25.2449,-281.0493,0.706422,2.003897,-0.829072,12.5617,8.1611,-128.9382,-0.398657,0.163118,0.049865,-10865.0,14805.0,59374.0,34337.0,0.0,0.0,0.0,0.0,-400.0,147.0,600.0,-500.0,0.0,walkFR~fwd,630
222.794925,32.1799,-25.6249,-279.0093,0.673922,2.016897,-0.857072,12.0217,7.8611,-128.1382,-0.402157,0.150618,0.032365,-10865.0,14805.0,59374.0,34338.0,0.0,0.0,0.0,-1677.0,-400.0,147.0,604.0,-561.0,0.0,walkFR~fwd,630
222.805053,32.2199,-25.8649,-278.9293,0.692422,2.004397,-0.838072,12.2817,8.2211,-127.0982,-0.415157,0.155618,0.061365,-10865.0,14805.0,59374.0,34339.0,0.0,0.0,0.0,0.0,-393.0,143.0,604.0,-500.0,0.0,walkFR~fwd,630
222.815174,32.2399,-25.3849,-278.6093,0.708422,2.013897,-0.840572,12.3617,8.3811,-126.2982,-0.410657,0.180118,0.066865,-10865.0,14805.0,59374.0,34339.0,0.0,0.0,0.0,0.0,-393.0,143.0,604.0,-500.0,0.0,walkFR~fwd,630
222.825106,31.7599,-25.3849,-277.8493,0.684423,2.002897,-0.827572,12.4617,7.8811,-125.6182,-0.411657,0.175118,0.066865,-10865.0,14805.0,59374.0,34339.0,0.0,0.0,0.0,0.0,-393.0,143.0,600.0,-493.0,0.0,walkFR~fwd,630
222.835216,31.5999,-25.4249,-277.7493,0.694422,2.008897,-0.828572,12.3817,7.8211,-124.6182,-0.414657,0.191618,0.078365,-10865.0,14805.0,59374.0,34339.0,0.0,0.0,0.0,0.0,-390.0,143.0,600.0,-493.0,0.0,walkFR~fwd,630
222.845268,31.5599,-25.6249,-277.8093,0.689423,2.007397,-0.825072,12.4817,7.4611,-124.0782,-0.412157,0.204618,0.074365,-10865.0,14805.0,59374.0,34340.0,0.0,0.0,0.0,297.0,-386.0,139.0,600.0,-493.0,0.0,walkFR~fwd,630
222.855325,31.6599,-25.7449,-277.0893,0.677423,2.019897,-0.821072,12.0017,7.7611,-123.4982,-0.401157,0.202118,0.070865,-10865.0,14805.0,59374.0,34340.0,0.0,0.0,0.0,0.0,-386.0,139.0,600.0,-493.0,0.0,walkFR~fwd,630
222.865378,31.5799,-25.2049,-275.7693,0.671922,2.017897,-0.821072,12.6417,8.4411,-122.3182,-0.394657,0.205618,0.071365,-10865.0,14805.0,59374.0,34340.0,0.0,0.0,0.0,-1981.0,-382.0,139.0,600.0,-479.0,0.0,walkFR~fwd,630
222.875436,31.3999,-25.3249,-274.6293,0.655423,2.014897,-0.828572,12.5417,8.0611,-122.1582,-0.394657,0.208618,0.059365,-10865.0,14805.0,59374.0,34341.0,0.0,0.0,0.0,121.0,-382.0,139.0,597.0,-479.0,0.0,walkFR~fwd,630
222.8855,31.1999,-25.6849,-274.5293,0.657423,2.019397,-0.837572,12.6217,8.5411,-120.9182,-0.404157,0.207118,0.074865,-10865.0,14805.0,59374.0,34341.0,930.0,0.0,0.0,0.0,-343.0,136.0,600.0,-486.0,0.0,walkFR~fwd,630
222.89557,31.6999,-25.4649,-274.4493,0.655922,2.012397,-0.823572,12.4417,8.0211,-119.2182,-0.397657,0.218618,0.082865,-10864.0,14805.0,59374.0,34341.0,2014.0,0.0,0.0,0.0,-432.0,136.0,600.0,-486.0,0.0,walkFR~fwd,630
222.905632,31.4599,-25.8449,-274.5293,0.657423,2.034397,-0.843072,12.7417,8.3611,-117.8982,-0.392157,0.221118,0.078865,-10864.0,14805.0,59374.0,34342.0,861.0,0.0,0.0,1721.0,-429.0,136.0,597.0,-486.0,0.0,walkFR~fwd,630
222.915703,31.2999,-26.1449,-273.9493,0.661423,2.028397,-0.844572,13.2017,8.8611,-116.9382,-0.374157,0.220118,0.088865,-10864.0,14805.0,59374.0,34342.0,0.0,0.0,0.0,0.0,-379.0,136.0,597.0,-486.0,0.0,walkFR~fwd,630
222.925762,31.7999,-25.9449,-273.2293,0.640423,2.032397,-0.844572,12.6417,8.7211,-115.4982,-0.381657,0.228618,0.084865,-10864.0,14805.0,59374.0,34342.0,0.0,-630.0,0.0,0.0,-375.0,93.0,597.0,-479.0,0.0,walkFR~fwd,630
222.935953,31.4199,-25.6449,-271.9893,0.646423,2.025397,-0.823572,12.6417,8.5611,-114.4182,-0.375157,0.233118,0.096865,-10864.0,14804.0,59374.0,34342.0,0.0,-1113.0,0.0,0.0,-379.0,136.0,597.0,-475.0,0.0,walkFR~fwd,630
222.945994,31.5199,-25.6649,-270.6493,0.628422,2.021397,-0.828572,12.4417,7.6811,-113.5182,-0.386157,0.244118,0.061865,-10864.0,14804.0,59374.0,34342.0,0.0,0.0,0.0,0.0,-375.0,139.0,600.0,-479.0,0.0,walkFR~fwd,630
222.956049,30.9799,-25.6449,-270.1693,0.627422,2.021397,-0.816072,12.5417,8.2411,-111.7582,-0.377657,0.261618,0.092865,-10864.0,14804.0,59374.0,34343.0,0.0,0.0,0.0,1545.0,-372.0,139.0,600.0,-532.0,0.0,walkFR~fwd,630
222.9661,31.5799,-25.7249,-269.8893,0.630422,2.018397,-0.826572,12.8217,7.5011,-111.0782,-0.383157,0.272118,0.074865,-10864.0,14804.0,59374.0,34343.0,-1267.0,0.0,0.0,0.0,-372.0,139.0,597.0,-475.0,0.0,walkFR~fwd,630
222.976157,31.7399,-25.3249,-269.1293,0.629922,2.016897,-0.810072,12.7017,7.8211,-109.3182,-0.380157,0.269118,0.106365,-10863.0,14804.0,59374.0,34343.0,146.0,0.0,0.0,0.0,-379.0,136.0,593.0,-475.0,0.0,walkFR~fwd,630
222.986208,31.3199,-24.8849,-268.3893,0.620422,2.015397,-0.823072,12.6217,8.3411,-107.7382,-0.369157,0.286618,0.081365,-10863.0,14804.0,59374.0,34343.0,0.0,0.0,0.0,0.0,-379.0,136.0,597.0,-475.0,0.0,walkFR~fwd,630
222.996267,31.0999,-25.5449,-268.4293,0.623422,2.015397,-0.803572,12.0217,7.8011,-106.3182,-0.367157,0.295118,0.064365,-10863.0,14804.0,59374.0,34343.0,0.0,0.0,0.0,0.0,-375.0,136.0,597.0,-472.0,0.0,walkFR~fwd,630
223.006316,31.1399,-25.2449,-267.5093,0.624422,2.016897,-0.826572,12.4217,7.9611,-104.0982,-0.361657,0.314118,0.079865,-10863.0,14804.0,59374.0,34343.0,0.0,0.0,0.0,0.0,-372.0,136.0,600.0,-468.0,0.0,walkFR~fwd,630
223.016372,31.1999,-25.3049,-267.0293,0.615422,2.016897,-0.825072,12.6617,8.1211,-102.4582,-0.371657,0.312118,0.062365,-10863.0,14804.0,59374.0,34344.0,0.0,0.0,0.0,161.0,-372.0,136.0,593.0,-472.0,0.0,walkFR~fwd,630
223.026423,30.6399,-24.8449,-265.2293,0.611923,2.030397,-0.804572,12.1617,7.7011,-101.4382,-0.356157,0.324118,0.054865,-10863.0,14804.0,59374.0,34344.0,0.0,0.0,0.0,0.0,-368.0,136.0,593.0,-468.0,0.0,walkFR~fwd,630
223.03648,30.7799,-24.7249,-263.9493,0.604422,2.023397,-0.804572,12.8017,8.1011,-100.3582,-0.351157,0.333118,0.077865,-10863.0,14804.0,59374.0,34344.0,0.0,0.0,0.0,0.0,-368.0,136.0,593.0,-468.0,0.0,walkFR~fwd,630
223.046532,30.6599,-25.2449,-261.4693,0.585422,2.003897,-0.813072,12.5017,7.4811,-97.9182,-0.345657,0.343618,0.062365,-10863.0,14804.0,59374.0,34344.0,0.0,0.0,0.0,0.0,-368.0,132.0,593.0,-461.0,0.0,walkFR~fwd,630
223.056589,30.2999,-25.5049,-261.1493,0.597422,2.015397,-0.812072,11.8817,7.0811,-96.6982,-0.336657,0.347618,0.056865,-10863.0,14804.0,59374.0,34344.0,271.0,0.0,0.0,0.0,-368.0,132.0,597.0,-461.0,0.0,walkFR~fwd,630
223.066653,30.3799,-25.2049,-260.8093,0.592923,2.026897,-0.802072,12.1817,6.7811,-94.7982,-0.340157,0.356118,0.033865,-10863.0,14804.0,59374.0,34344.0,-579.0,0.0,0.0,0.0,-361.0,132.0,593.0,-457.0,0.0,walkFR~fwd,630
223.076722,30.4399,-25.5649,-261.4093,0.597923,2.005897,-0.802072,12.5217,7.3811,-92.8182,-0.332657,0.358118,0.060865,-10863.0,14804.0,59374.0,34345.0,-1256.0,0.0,0.0,223.0,-318.0,132.0,590.0,-465.0,0.0,walkFR~fwd,630
223.086781,30.8199,-25.4049,-261.8493,0.597923,2.005897,-0.804572,12.7217,7.5411,-90.9382,-0.321157,0.373618,0.026365,-10862.0,14804.0,59374.0,34345.0,231.0,0.0,0.0,0.0,-368.0,129.0,593.0,-461.0,0.0,walkFR~fwd,630
223.096839,29.9399,-25.5049,-260.8293,0.601923,2.015897,-0.809072,12.2817,7.5411,-89.4582,-0.319157,0.374618,0.047865,-10862.0,14804.0,59374.0,34345.0,0.0,0.0,0.0,0.0,-368.0,132.0,590.0,-461.0,0.0,walkFR~fwd,630
