272.501233,6.6382,-0.6888,-81.9136,0.430228,0.431103,-0.074038,-2.4888,3.6853,-124.6104,0.182542,-0.765438,0.164248,16345.0,4820.0,16325.0,4820.0,-941.0,0.0,0.0,0.0,368.0,-661.0,257.0,-443.0,0.0,stand~back,171
272.511284,6.7382,-0.3888,-82.1136,0.455728,0.453603,-0.066038,-3.0088,3.1253,-122.1504,0.175042,-0.746438,0.154248,16345.0,4820.0,16325.0,4820.0,2120.0,0.0,0.0,0.0,354.0,-661.0,261.0,-443.0,0.0,stand~back,171
272.521341,6.7982,-0.7288,-80.4336,0.442728,0.447103,-0.098538,-2.6888,2.7853,-120.9704,0.166042,-0.737438,0.156248,16344.0,4820.0,16325.0,4820.0,1062.0,0.0,0.0,0.0,411.0,-661.0,261.0,-447.0,0.0,stand~back,171
272.531394,6.4382,-1.3088,-79.1936,0.412228,0.447103,-0.087038,-3.1488,2.3653,-120.8304,0.141542,-0.732438,0.169748,16344.0,4820.0,16325.0,4820.0,-374.0,0.0,0.0,0.0,400.0,-665.0,268.0,-447.0,0.0,stand~back,171
272.541452,6.6982,-1.4488,-80.1536,0.392228,0.460603,-0.127538,-3.6088,3.3853,-122.1904,0.162042,-0.727438,0.171748,16343.0,4820.0,16325.0,4820.0,-194.0,0.0,0.0,0.0,393.0,-661.0,268.0,-450.0,0.0,stand~back,171
272.551506,6.4982,-1.1288,-81.5536,0.375728,0.475603,-0.123538,-3.1888,3.0253,-123.6104,0.142042,-0.729938,0.190748,16344.0,4820.0,16325.0,4820.0,271.0,0.0,0.0,0.0,372.0,-665.0,275.0,-450.0,0.0,stand~back,171
272.561563,6.4382,-1.4688,-83.9336,0.409228,0.501103,-0.124538,-3.1288,2.7853,-123.6704,0.153542,-0.749938,0.184748,16343.0,4820.0,16325.0,4820.0,0.0,0.0,0.0,0.0,440.0,-668.0,275.0,-450.0,0.0,stand~back,171
272.571618,7.4982,-1.3688,-85.6536,0.396228,0.483603,-0.153538,-3.8088,3.1853,-123.2304,0.177542,-0.739938,0.181248,16343.0,4820.0,16325.0,4820.0,458.0,0.0,0.0,0.0,382.0,-665.0,279.0,-454.0,0.0,stand~back,171
272.581681,7.5582,-1.5288,-86.7936,0.397728,0.471603,-0.150038,-3.3688,3.3253,-123.4104,0.184542,-0.766938,0.181748,16343.0,4820.0,16325.0,4820.0,209.0,0.0,0.0,0.0,418.0,-668.0,282.0,-450.0,0.0,stand~back,171
272.591742,7.8782,-1.1888,-88.6736,0.397728,0.490603,-0.155038,-2.8688,3.7053,-124.0504,0.182042,-0.754938,0.167748,16343.0,4820.0,16325.0,4819.0,-516.0,0.0,0.0,-1150.0,425.0,-675.0,282.0,-400.0,0.0,stand~back,171
272.601808,7.8582,-1.9088,-90.1736,0.373228,0.504103,-0.166538,-3.2688,3.5253,-124.8704,0.181042,-0.745438,0.148248,16343.0,4820.0,16325.0,4820.0,0.0,0.0,0.0,0.0,390.0,-675.0,289.0,-450.0,0.0,stand~back,171
272.611868,7.6182,-1.4888,-91.9936,0.388728,0.537103,-0.175538,-3.4888,3.2453,-125.5904,0.173042,-0.736938,0.159748,16343.0,4820.0,16325.0,4820.0,1106.0,0.0,0.0,641.0,415.0,-672.0,289.0,-479.0,0.0,stand~back,171
272.62192,8.4382,-1.5088,-93.1936,0.395728,0.540603,-0.182538,-3.6488,2.3453,-126.7704,0.184042,-0.733938,0.140248,16342.0,4820.0,16326.0,4819.0,-656.0,0.0,0.0,-1187.0,454.0,-675.0,286.0,-450.0,0.0,stand~back,171
272.631974,8.0182,-1.7488,-94.9136,0.428228,0.545603,-0.179038,-3.4288,3.2453,-128.2904,0.189042,-0.756438,0.130748,16342.0,4820.0,16326.0,4819.0,-70.0,0.0,0.0,128.0,440.0,-675.0,289.0,-425.0,0.0,stand~back,171
272.642027,8.0782,-1.8688,-96.5336,0.447228,0.547103,-0.161038,-3.4088,3.0053,-129.9904,0.200042,-0.768938,0.121248,16343.0,4820.0,16326.0,4820.0,989.0,0.0,0.0,1879.0,397.0,-675.0,293.0,-457.0,0.0,stand~back,171
272.652149,8.0582,-1.7688,-98.7736,0.466728,0.551603,-0.156038,-3.4288,2.2453,-131.4904,0.201042,-0.772438,0.098248,16342.0,4820.0,16326.0,4820.0,1201.0,0.0,0.0,-1479.0,447.0,-675.0,293.0,-465.0,0.0,stand~back,171
272.662257,8.6782,-1.6288,-100.5536,0.465728,0.557103,-0.125038,-3.1288,2.6453,-132.2104,0.219542,-0.784438,0.113248,16342.0,4820.0,16326.0,4820.0,161.0,0.0,0.0,0.0,461.0,-679.0,297.0,-461.0,0.0,stand~back,171
272.672397,8.1382,-1.3688,-101.9936,0.499728,0.564103,-0.127538,-2.9888,2.7653,-133.4904,0.252042,-0.783438,0.102248,16343.0,4820.0,16326.0,4820.0,465.0,0.0,0.0,0.0,422.0,-683.0,300.0,-461.0,0.0,stand~back,171
272.68245,8.4982,-1.0488,-103.2936,0.515728,0.573603,-0.110038,-2.9488,3.1053,-133.7904,0.254042,-0.783938,0.087248,16343.0,4820.0,16326.0,4820.0,48.0,0.0,0.0,0.0,443.0,-683.0,304.0,-465.0,0.0,stand~back,171
272.692506,8.4582,-1.5488,-104.0336,0.512228,0.568603,-0.095538,-2.4688,2.8853,-133.2104,0.262042,-0.778938,0.067748,16343.0,4820.0,16326.0,4820.0,-103.0,0.0,0.0,0.0,407.0,-683.0,304.0,-461.0,0.0,stand~back,171
272.702559,8.4382,-1.1888,-105.4936,0.538728,0.566103,-0.095538,-3.0488,2.8853,-133.2904,0.259542,-0.772938,0.081248,16343.0,4820.0,16327.0,4820.0,-897.0,0.0,1545.0,0.0,440.0,-679.0,243.0,-465.0,0.0,stand~back,171
272.712619,8.9182,-1.3288,-108.1336,0.520228,0.571603,-0.113538,-2.8688,2.6053,-133.7504,0.261042,-0.762438,0.040748,16344.0,4820.0,16327.0,4820.0,-66.0,0.0,0.0,0.0,397.0,-683.0,307.0,-465.0,0.0,stand~back,171
272.722677,9.2182,-0.7688,-110.8736,0.542228,0.590603,-0.113038,-2.8688,1.6853,-136.0304,0.270542,-0.790438,0.021248,16344.0,4820.0,16327.0,4820.0,0.0,0.0,0.0,0.0,429.0,-686.0,307.0,-468.0,0.0,stand~back,171
272.732738,9.1582,-1.3688,-114.3736,0.549728,0.633103,-0.131538,-2.3688,2.8653,-137.1304,0.293542,-0.811938,0.029248,16344.0,4820.0,16327.0,4820.0,194.0,0.0,0.0,0.0,436.0,-686.0,311.0,-468.0,0.0,stand~back,171
272.742792,9.5182,-1.4488,-117.2536,0.564728,0.649603,-0.152038,-2.1288,2.7253,-138.7704,0.313542,-0.829438,0.025248,16344.0,4820.0,16327.0,4820.0,454.0,0.0,0.0,0.0,479.0,-686.0,314.0,-468.0,0.0,stand~back,171
272.752859,9.3382,-1.3488,-119.3336,0.577228,0.664103,-0.142538,-1.5688,3.5053,-139.9704,0.345042,-0.843438,-0.005252,16345.0,4820.0,16327.0,4820.0,121.0,0.0,0.0,0.0,457.0,-690.0,314.0,-468.0,0.0,stand~back,171
272.762936,9.3582,-1.5888,-120.0136,0.567228,0.663603,-0.175038,-1.8688,3.2853,-140.8304,0.340542,-0.845938,-0.001752,16346.0,4820.0,16328.0,4820.0,1992.0,0.0,381.0,0.0,407.0,-690.0,311.0,-472.0,0.0,stand~back,171
272.772997,10.4382,-0.8288,-121.5336,0.582228,0.674103,-0.174538,-1.0488,3.7653,-141.6504,0.344542,-0.860438,-0.012752,16345.0,4819.0,16328.0,4820.0,1707.0,-59.0,0.0,0.0,404.0,-683.0,314.0,-468.0,0.0,stand~back,171
272.783062,9.6582,-1.1488,-123.2136,0.586728,0.686103,-0.162538,-1.4488,3.3453,-143.9904,0.352042,-0.872938,-0.030252,16346.0,4819.0,16328.0,4819.0,1542.0,0.0,0.0,-1150.0,425.0,-683.0,314.0,-415.0,0.0,stand~back,171
272.793181,9.8582,-2.0888,-126.5536,0.610728,0.701103,-0.188038,-1.5088,3.4853,-147.0704,0.370542,-0.880938,-0.038252,16346.0,4819.0,16328.0,4820.0,1428.0,0.0,0.0,0.0,404.0,-686.0,318.0,-472.0,0.0,stand~back,171
272.803274,10.3582,-1.4688,-129.0736,0.623728,0.718603,-0.163538,-1.1488,3.2053,-151.5104,0.381542,-0.913938,-0.052252,16346.0,4819.0,16328.0,4819.0,458.0,0.0,0.0,0.0,407.0,-686.0,322.0,-468.0,0.0,stand~back,171
272.813323,10.3982,-1.8688,-132.2536,0.658728,0.721603,-0.159538,-1.2288,4.3053,-156.3504,0.389042,-0.945438,-0.074752,16347.0,4819.0,16329.0,4819.0,110.0,0.0,59.0,0.0,422.0,-690.0,318.0,-472.0,0.0,stand~back,171
272.823404,10.5782,-0.9088,-134.9936,0.678228,0.723603,-0.137038,-1.4888,4.7853,-159.6304,0.426542,-0.941438,-0.063752,16346.0,4819.0,16329.0,4819.0,-1252.0,0.0,0.0,0.0,472.0,-690.0,314.0,-472.0,0.0,stand~back,171
272.833469,11.0782,-0.7488,-138.3936,0.697228,0.725103,-0.147038,-1.6088,4.3453,-161.5104,0.396542,-0.941438,-0.075752,16347.0,4818.0,16329.0,4819.0,245.0,-1981.0,0.0,0.0,425.0,-683.0,318.0,-472.0,0.0,stand~back,171
272.843536,11.5182,-0.7088,-142.6136,0.719228,0.711103,-0.155038,-1.4288,5.3453,-163.4904,0.434042,-0.945938,-0.059752,16348.0,4818.0,16329.0,4819.0,165.0,0.0,0.0,0.0,418.0,-686.0,322.0,-472.0,0.0,stand~back,171
272.853603,12.4782,-0.7488,-145.7336,0.714728,0.725603,-0.167038,-1.5288,5.6253,-165.8904,0.430542,-0.978938,-0.048252,16348.0,4818.0,16330.0,4819.0,571.0,0.0,626.0,0.0,361.0,-686.0,297.0,-472.0,0.0,stand~back,171
272.863672,12.7982,-1.0088,-149.7336,0.719728,0.713603,-0.202538,-1.9488,5.8053,-169.5704,0.429042,-0.975438,-0.004252,16348.0,4818.0,16330.0,4819.0,-443.0,0.0,0.0,0.0,447.0,-683.0,318.0,-472.0,0.0,stand~back,171
272.873736,13.2982,-1.1488,-153.1936,0.726728,0.719603,-0.224538,-1.6488,5.5053,-173.2504,0.409042,-0.995938,0.006748,16348.0,4818.0,16330.0,4819.0,710.0,0.0,0.0,0.0,461.0,-683.0,322.0,-475.0,0.0,stand~back,171
272.883796,13.6782,-1.1488,-155.8336,0.727228,0.733103,-0.260038,-1.7888,5.1253,-176.5304,0.394042,-0.982438,0.033248,16349.0,4817.0,16330.0,4819.0,399.0,-18.0,0.0,0.0,418.0,-679.0,322.0,-475.0,0.0,stand~back,171
272.893856,14.1382,-1.1288,-157.6136,0.702228,0.734103,-0.289538,-2.2288,5.3853,-179.3904,0.383042,-0.994938,0.073248,16350.0,4817.0,16331.0,4819.0,1710.0,0.0,2014.0,0.0,361.0,-683.0,272.0,-479.0,0.0,stand~back,171
272.903913,14.3982,-2.1288,-158.8136,0.695228,0.726103,-0.308538,-1.9488,5.0853,-180.5104,0.382042,-1.012938,0.059748,16350.0,4817.0,16331.0,4819.0,0.0,1538.0,0.0,1044.0,407.0,-733.0,318.0,-525.0,0.0,stand~back,171
272.913969,15.2182,-1.6888,-159.5336,0.693728,0.724103,-0.321538,-2.0688,5.6053,-180.7904,0.356042,-1.025438,0.096248,16351.0,4816.0,16331.0,4818.0,2014.0,-326.0,0.0,-326.0,361.0,-675.0,322.0,-472.0,0.0,stand~back,171
272.924019,15.9982,-1.0088,-160.1736,0.687228,0.699103,-0.327038,-2.4288,5.3653,-183.3304,0.365542,-1.014438,0.090248,16350.0,4816.0,16331.0,4818.0,-626.0,0.0,0.0,-1044.0,443.0,-675.0,322.0,-425.0,0.0,stand~back,171
272.934075,15.7382,-1.0488,-161.5936,0.681728,0.707103,-0.355538,-2.4888,6.4053,-185.7704,0.361542,-1.008938,0.097748,16351.0,4816.0,16332.0,4818.0,905.0,0.0,2120.0,930.0,368.0,-675.0,282.0,-429.0,0.0,stand~back,171
272.944129,16.0782,-1.7688,-161.9936,0.678228,0.716103,-0.341038,-2.5288,5.1853,-187.8304,0.363042,-1.021938,0.080248,16351.0,4816.0,16332.0,4819.0,447.0,0.0,0.0,3226.0,425.0,-675.0,318.0,-507.0,0.0,stand~back,171
272.954185,15.8982,-1.3288,-162.3536,0.702228,0.717603,-0.339038,-2.6688,5.7453,-188.4704,0.352042,-1.025938,0.085748,16352.0,4816.0,16332.0,4818.0,861.0,0.0,0.0,1545.0,400.0,-672.0,322.0,-479.0,0.0,stand~back,171
272.964237,15.2982,-1.4488,-161.6736,0.707728,0.691603,-0.331538,-2.0688,5.7253,-190.1304,0.358542,-1.049938,0.093748,16352.0,4816.0,16332.0,4817.0,626.0,1172.0,0.0,-1545.0,390.0,-733.0,325.0,-411.0,0.0,stand~back,171
272.974295,15.4782,-1.5088,-160.8536,0.717728,0.687603,-0.320538,-1.7288,5.6053,-192.0304,0.360542,-1.065938,0.064748,16353.0,4815.0,16332.0,4818.0,868.0,-1066.0,0.0,553.0,386.0,-672.0,322.0,-475.0,0.0,stand~back,171
272.984479,15.3382,-1.5488,-160.6336,0.711728,0.672603,-0.298038,-1.3088,5.7253,-192.0304,0.364042,-1.065938,0.060748,16352.0,4815.0,16332.0,4818.0,674.0,0.0,0.0,0.0,400.0,-668.0,325.0,-504.0,0.0,stand~back,171
272.99454,14.9982,-1.4088,-160.9736,0.735728,0.680103,-0.304538,-1.2688,4.8653,-191.0504,0.350542,-1.053938,0.026248,16352.0,4815.0,16332.0,4817.0,-183.0,0.0,0.0,-1721.0,404.0,-665.0,325.0,-472.0,0.0,stand~back,171
273.004602,14.5582,-1.1288,-160.6536,0.736228,0.713603,-0.293038,-1.9488,6.1453,-190.8504,0.367542,-1.060938,0.059248,16352.0,4815.0,16333.0,4817.0,-956.0,0.0,2139.0,-1893.0,440.0,-665.0,304.0,-422.0,0.0,stand~back,171
273.014664,14.6782,-1.7488,-159.3936,0.723228,0.727603,-0.280038,-1.3488,6.0653,-191.1104,0.354542,-1.080438,0.084248,16352.0,4815.0,16333.0,4818.0,-1666.0,0.0,0.0,916.0,422.0,-668.0,322.0,-475.0,0.0,stand~back,171
273.024719,14.1182,-1.6488,-158.1936,0.714228,0.730603,-0.275538,-1.3688,5.5253,-191.9304,0.359542,-1.069938,0.053248,16352.0,4815.0,16333.0,4818.0,132.0,0.0,0.0,1567.0,350.0,-668.0,322.0,-490.0,0.0,stand~back,171
273.034776,13.8582,-1.4688,-157.3736,0.735728,0.718603,-0.266038,-0.7088,5.7253,-193.8904,0.372042,-1.089438,0.062748,16351.0,4815.0,16333.0,4817.0,-970.0,0.0,0.0,-128.0,461.0,-668.0,325.0,-472.0,0.0,stand~back,171
273.044824,13.9982,-1.8688,-157.6136,0.728228,0.707603,-0.258038,-1.4088,5.8253,-194.8904,0.366542,-1.101938,0.037748,16351.0,4815.0,16333.0,4817.0,-1388.0,0.0,0.0,-1414.0,440.0,-668.0,322.0,-475.0,0.0,stand~back,171
273.054882,14.3782,-0.9488,-159.2136,0.734728,0.720103,-0.247038,-1.0288,5.5253,-195.9304,0.371542,-1.091938,0.029748,16351.0,4815.0,16333.0,4817.0,-1677.0,0.0,0.0,-1190.0,425.0,-668.0,322.0,-418.0,0.0,stand~back,171
273.064935,13.2582,-2.2688,-159.4736,0.743728,0.766103,-0.257038,-1.1688,5.1653,-193.9504,0.349542,-1.075438,0.039248,16351.0,4815.0,16333.0,4818.0,-1853.0,0.0,0.0,2186.0,425.0,-672.0,325.0,-515.0,0.0,stand~back,171
273.074998,12.6382,-1.8288,-159.5336,0.746228,0.773603,-0.248538,-1.0288,5.2653,-192.7104,0.370542,-1.063438,0.025748,16351.0,4815.0,16333.0,4817.0,-1055.0,0.0,0.0,-381.0,425.0,-661.0,325.0,-472.0,0.0,stand~back,171
273.085049,12.8382,-2.0288,-157.8936,0.735228,0.767103,-0.238038,-0.7288,5.2653,-191.9104,0.365042,-1.076438,0.012748,16352.0,4815.0,16333.0,4817.0,-271.0,0.0,0.0,-1487.0,390.0,-665.0,329.0,-465.0,0.0,stand~back,171
273.095108,12.7182,-1.7288,-156.7136,0.750728,0.756603,-0.217538,-0.9688,4.9853,-192.5304,0.369042,-1.083938,0.003248,16352.0,4814.0,16334.0,4817.0,-450.0,-2157.0,59.0,0.0,393.0,-636.0,322.0,-475.0,0.0,stand~back,171
273.105161,13.0582,-1.4288,-157.1336,0.750728,0.743603,-0.209538,-1.0688,5.3653,-192.7104,0.368542,-1.075438,-0.002752,16352.0,4814.0,16334.0,4817.0,-1003.0,-1080.0,0.0,0.0,411.0,-608.0,322.0,-475.0,0.0,stand~back,171
273.115219,12.3982,-1.6488,-157.6336,0.751228,0.746603,-0.208538,-1.1488,5.3853,-193.4504,0.385542,-1.069438,-0.014252,16353.0,4814.0,16334.0,4817.0,-1674.0,0.0,0.0,0.0,386.0,-658.0,322.0,-475.0,0.0,stand~back,171
273.125272,12.4582,-1.1488,-159.8336,0.788228,0.734603,-0.188038,-0.7688,4.5853,-193.9504,0.384042,-1.062438,-0.008752,16353.0,4813.0,16334.0,4817.0,-253.0,-2139.0,0.0,0.0,382.0,-636.0,325.0,-475.0,0.0,stand~back,171
273.135339,13.2782,-1.5488,-161.5736,0.800228,0.746103,-0.176538,-0.8688,4.5253,-194.9904,0.372542,-1.061938,-0.026252,16354.0,4812.0,16335.0,4817.0,659.0,-1637.0,-1183.0,0.0,361.0,-618.0,289.0,-475.0,0.0,stand~back,171
273.145404,13.2382,-1.6488,-163.6136,0.790228,0.773103,-0.179038,-0.5488,5.7853,-197.6504,0.376042,-1.076438,0.013748,16354.0,4813.0,16335.0,4817.0,1567.0,938.0,-1802.0,0.0,357.0,-650.0,322.0,-475.0,0.0,stand~back,171
273.155462,12.9782,-1.8288,-164.6536,0.799728,0.778603,-0.190538,-0.4688,5.0853,-199.2504,0.394042,-1.104438,-0.012752,16354.0,4812.0,16336.0,4817.0,333.0,-223.0,125.0,1267.0,415.0,-643.0,311.0,-472.0,0.0,stand~back,171
273.165519,13.2382,-1.4888,-165.7536,0.812728,0.761603,-0.183038,-0.6088,5.2653,-200.1904,0.398542,-1.117938,0.012248,16354.0,4812.0,16336.0,4816.0,319.0,0.0,0.0,-146.0,375.0,-643.0,314.0,-468.0,0.0,stand~back,171
273.175575,13.3782,-1.7488,-166.6736,0.798228,0.756103,-0.193538,-0.2488,5.3653,-200.9904,0.399042,-1.119938,0.041248,16354.0,4812.0,16336.0,4816.0,0.0,-1099.0,0.0,0.0,375.0,-672.0,311.0,-468.0,0.0,stand~back,171
273.185633,13.2782,-0.8888,-167.1536,0.807228,0.752103,-0.174538,-1.1288,4.9653,-201.7904,0.403042,-1.116938,0.035248,16354.0,4811.0,16336.0,4816.0,0.0,-2150.0,0.0,0.0,382.0,-611.0,311.0,-468.0,0.0,stand~back,171
273.19569,13.9182,-0.7888,-168.4736,0.816728,0.741603,-0.195538,-0.1688,5.3653,-201.6904,0.397042,-1.098938,0.017748,16354.0,4811.0,16336.0,4816.0,-590.0,-344.0,0.0,0.0,397.0,-579.0,311.0,-472.0,0.0,stand~back,171
273.205747,13.9382,-1.0288,-170.1336,0.817728,0.749603,-0.194538,-1.1688,5.4253,-202.6104,0.398042,-1.106938,0.036748,16354.0,4812.0,16336.0,4816.0,970.0,1908.0,0.0,0.0,415.0,-640.0,311.0,-468.0,0.0,stand~back,171
273.215801,14.5182,-0.6288,-171.8136,0.837228,0.757103,-0.179538,-0.8688,5.9253,-202.9104,0.386042,-1.110438,0.057748,16354.0,4812.0,16336.0,4816.0,157.0,1780.0,0.0,1655.0,379.0,-683.0,311.0,-468.0,0.0,stand~back,171
273.225858,14.4582,-0.7488,-172.7736,0.834228,0.767603,-0.192538,-1.1288,5.2253,-205.3304,0.414542,-1.112938,0.034748,16354.0,4812.0,16336.0,4815.0,176.0,-872.0,0.0,-128.0,379.0,-640.0,311.0,-465.0,0.0,stand~back,171
273.235927,14.5182,-0.8088,-173.0136,0.844228,0.751603,-0.174538,-0.3288,5.2453,-206.0304,0.429542,-1.140938,0.040748,16354.0,4811.0,16336.0,4815.0,0.0,-1472.0,0.0,0.0,361.0,-579.0,311.0,-461.0,0.0,stand~back,171
273.246007,14.7182,-0.9288,-173.8936,0.873228,0.741103,-0.182538,-0.4888,4.8453,-206.1304,0.432542,-1.133438,0.019248,16354.0,4812.0,16336.0,4815.0,-165.0,381.0,0.0,0.0,354.0,-633.0,311.0,-461.0,0.0,stand~back,171
273.256059,15.5582,-0.3888,-174.9136,0.856228,0.736603,-0.189038,-0.8288,4.3653,-204.9504,0.421042,-1.116438,-0.003752,16354.0,4812.0,16336.0,4815.0,51.0,0.0,0.0,0.0,332.0,-633.0,314.0,-465.0,0.0,stand~back,171
273.266124,15.1982,-0.9888,-176.0936,0.847228,0.743603,-0.198038,-1.4688,5.1053,-204.3304,0.420542,-1.107938,0.017248,16353.0,4812.0,16336.0,4815.0,-491.0,0.0,0.0,0.0,415.0,-633.0,311.0,-465.0,0.0,stand~back,171
273.276196,15.2782,-0.5488,-176.3736,0.850728,0.731603,-0.189538,-1.2488,4.5253,-205.6704,0.435542,-1.104938,0.003248,16353.0,4812.0,16337.0,4815.0,-560.0,0.0,2120.0,0.0,372.0,-629.0,268.0,-461.0,0.0,stand~back,171
273.286266,15.9382,-0.7688,-178.1136,0.847228,0.733103,-0.214538,-0.5088,5.3053,-207.6704,0.453042,-1.124438,0.011748,16353.0,4812.0,16337.0,4815.0,-51.0,0.0,1505.0,0.0,379.0,-633.0,297.0,-465.0,0.0,stand~back,171
273.296446,15.2382,-0.3088,-179.4336,0.850228,0.743103,-0.218538,-1.3088,4.4453,-208.6504,0.457042,-1.122938,0.003248,16353.0,4812.0,16337.0,4815.0,-176.0,0.0,0.0,0.0,357.0,-629.0,304.0,-461.0,0.0,stand~back,171
273.306497,15.8182,-0.9088,-180.2736,0.835228,0.763603,-0.238038,-1.2488,5.1253,-209.5504,0.462542,-1.117938,0.022748,16352.0,4812.0,16337.0,4814.0,-341.0,0.0,0.0,-1860.0,372.0,-625.0,307.0,-454.0,0.0,stand~back,171
273.316572,15.8782,-0.6288,-180.6336,0.833728,0.765103,-0.273538,-1.5288,4.7453,-210.3704,0.457542,-1.108938,0.014748,16352.0,4812.0,16337.0,4814.0,-165.0,0.0,0.0,-2054.0,382.0,-622.0,307.0,-440.0,0.0,stand~back,171
273.326626,16.7182,-0.3488,-180.3336,0.828728,0.736603,-0.245538,-1.1888,4.3053,-211.1104,0.464042,-1.108438,0.018248,16353.0,4812.0,16337.0,4815.0,648.0,0.0,0.0,1827.0,357.0,-625.0,307.0,-515.0,0.0,stand~back,171
273.336682,16.4782,-0.4088,-179.1936,0.821728,0.737603,-0.264538,-1.0488,4.2453,-210.5904,0.479542,-1.118938,0.003248,16353.0,4812.0,16337.0,4814.0,-608.0,0.0,0.0,-465.0,325.0,-625.0,304.0,-454.0,0.0,stand~back,171
273.346735,16.1382,-0.6088,-178.2736,0.825228,0.730103,-0.265038,-0.8688,3.8053,-209.2504,0.477042,-1.111938,-0.012252,16352.0,4812.0,16337.0,4814.0,439.0,-1410.0,0.0,0.0,361.0,-625.0,304.0,-454.0,0.0,stand~back,171
273.356791,16.5582,-0.1288,-175.7736,0.815228,0.719103,-0.285038,-0.8888,4.2453,-208.3904,0.494542,-1.114938,-0.019752,16353.0,4813.0,16337.0,4814.0,-231.0,359.0,0.0,0.0,322.0,-625.0,304.0,-454.0,0.0,stand~back,171
273.36691,15.7982,-0.1488,-173.8336,0.810228,0.713103,-0.258038,-0.2088,3.5653,-208.5904,0.485042,-1.112938,-0.035252,16352.0,4813.0,16337.0,4814.0,-37.0,1593.0,0.0,0.0,415.0,-629.0,304.0,-450.0,0.0,stand~back,171
273.377028,16.2782,0.4512,-173.0336,0.807728,0.714103,-0.234538,-0.4688,3.9653,-209.1504,0.515542,-1.100938,-0.048752,16352.0,4813.0,16337.0,4814.0,0.0,0.0,0.0,0.0,368.0,-625.0,304.0,-454.0,0.0,stand~back,171
273.387132,15.6582,-0.4088,-172.1736,0.810728,0.697103,-0.237038,-0.7288,3.9253,-208.0304,0.503042,-1.098438,-0.067752,16353.0,4813.0,16338.0,4814.0,-450.0,0.0,1263.0,0.0,339.0,-622.0,297.0,-454.0,0.0,stand~back,171
273.397248,16.3182,0.0312,-172.9336,0.818228,0.693603,-0.247038,-0.7288,3.5653,-206.7304,0.531042,-1.090438,-0.073752,16353.0,4813.0,16338.0,4814.0,62.0,0.0,0.0,0.0,339.0,-625.0,297.0,-450.0,0.0,stand~back,171
273.407294,16.2382,-0.2088,-173.3936,0.687728,0.689603,-0.231038,-0.8488,3.6853,-205.5704,0.531042,-1.103938,-0.076752,16352.0,4813.0,16338.0,4814.0,436.0,0.0,0.0,0.0,350.0,-622.0,297.0,-450.0,0.0,stand~back,171
273.417354,16.4582,-0.2488,-173.0536,0.808728,0.687103,-0.259038,-1.0488,3.5253,-204.3504,0.540542,-1.085438,-0.059752,16352.0,4813.0,16338.0,4814.0,48.0,0.0,0.0,0.0,379.0,-622.0,297.0,-450.0,0.0,stand~back,171
273.427425,16.2382,-0.1488,-172.3936,0.787228,0.683603,-0.277038,-0.4488,4.0853,-204.6904,0.536542,-1.098938,-0.048252,16352.0,4813.0,16338.0,4814.0,-619.0,0.0,0.0,0.0,365.0,-622.0,297.0,-447.0,0.0,stand~back,171
273.437485,16.0182,-0.4288,-171.2936,0.783728,0.686603,-0.283038,-0.9888,3.4653,-204.2904,0.540042,-1.080938,-0.046252,16352.0,4813.0,16338.0,4814.0,0.0,0.0,0.0,0.0,365.0,-622.0,293.0,-450.0,0.0,stand~back,171
273.447532,16.3982,-0.0288,-170.3936,0.780228,0.665603,-0.282538,-0.3488,3.3853,-204.8304,0.536542,-1.088438,-0.021252,16352.0,4813.0,16338.0,4814.0,0.0,0.0,0.0,0.0,361.0,-618.0,297.0,-450.0,0.0,stand~back,171
273.457588,16.3582,-0.0688,-168.8736,0.776228,0.663603,-0.283538,-1.2088,3.2653,-206.0104,0.528042,-1.085438,0.003248,16352.0,4813.0,16338.0,4814.0,0.0,0.0,0.0,0.0,365.0,-622.0,293.0,-447.0,0.0,stand~back,171
273.467647,15.6182,-0.3688,-169.1736,0.777728,0.666103,-0.267038,-1.5488,3.6653,-206.2104,0.546042,-1.088938,0.005748,16352.0,4813.0,16338.0,4814.0,-516.0,0.0,0.0,0.0,390.0,-618.0,289.0,-447.0,0.0,stand~back,171
273.477713,16.1982,-0.0488,-168.6136,0.765728,0.673103,-0.268538,-1.1888,4.0053,-207.1704,0.523542,-1.104438,0.013248,16352.0,4813.0,16338.0,4814.0,0.0,0.0,0.0,0.0,361.0,-618.0,293.0,-447.0,0.0,stand~back,171
273.487774,15.6782,-0.0488,-168.5936,0.765228,0.669603,-0.262538,-1.4488,3.5253,-208.8904,0.536542,-1.106438,0.024248,16352.0,4813.0,16338.0,4814.0,370.0,0.0,0.0,0.0,361.0,-615.0,293.0,-447.0,0.0,stand~back,171
273.497842,15.5982,-0.4888,-168.8936,0.797228,0.684103,-0.245038,-1.5288,3.6053,-210.6704,0.510042,-1.101438,0.037248,16352.0,4813.0,16338.0,4814.0,-146.0,0.0,0.0,0.0,322.0,-615.0,293.0,-443.0,0.0,stand~back,171
273.507903,15.5182,0.2512,-169.0736,0.797728,0.682603,-0.238538,-2.3088,3.5253,-210.9504,0.511042,-1.101438,0.029748,16352.0,4813.0,16339.0,4814.0,491.0,0.0,967.0,0.0,347.0,-615.0,286.0,-443.0,0.0,stand~back,171
273.517968,15.8582,0.3312,-168.8336,0.807228,0.672603,-0.214538,-1.6288,4.1253,-209.2904,0.502542,-1.086438,0.053248,16351.0,4814.0,16339.0,4814.0,344.0,1545.0,0.0,0.0,390.0,-679.0,286.0,-443.0,0.0,stand~back,171
273.52803,15.6982,1.1112,-168.9936,0.827728,0.665103,-0.197038,-2.1888,3.5853,-208.9904,0.486542,-1.090938,0.022248,16351.0,4814.0,16339.0,4814.0,-1187.0,1150.0,0.0,0.0,382.0,-672.0,282.0,-447.0,0.0,stand~back,171
273.538096,16.0382,0.1912,-168.8736,0.806728,0.649103,-0.225038,-2.1488,3.9053,-208.6704,0.493542,-1.076438,0.039248,16351.0,4814.0,16339.0,4814.0,-1681.0,0.0,0.0,0.0,400.0,-618.0,282.0,-443.0,0.0,stand~back,171
273.548164,16.4582,0.2712,-169.0736,0.805228,0.641103,-0.249538,-1.6488,4.3453,-209.2304,0.486042,-1.103938,0.049248,16351.0,4814.0,16339.0,4814.0,-1589.0,0.0,0.0,0.0,368.0,-615.0,282.0,-443.0,0.0,stand~back,171
273.558227,16.3582,0.3512,-169.4336,0.800228,0.650603,-0.256038,-1.3488,4.3853,-209.6104,0.480042,-1.111438,0.058748,16352.0,4814.0,16339.0,4814.0,901.0,0.0,0.0,0.0,332.0,-615.0,282.0,-443.0,0.0,stand~back,171
273.568348,16.8782,0.1112,-169.4936,0.798228,0.646103,-0.282538,-1.5688,3.8053,-208.9704,0.476042,-1.103938,0.058748,16351.0,4814.0,16339.0,4814.0,619.0,0.0,0.0,0.0,386.0,-618.0,279.0,-443.0,0.0,stand~back,171
273.578404,16.5982,-0.0088,-169.9336,0.794228,0.647103,-0.270538,-1.7688,4.6653,-206.8704,0.471542,-1.096938,0.072748,16351.0,4814.0,16339.0,4814.0,-773.0,0.0,0.0,0.0,400.0,-615.0,279.0,-440.0,0.0,stand~back,171
273.588454,16.9182,0.4112,-170.4736,0.797728,0.652603,-0.266538,-1.2088,4.5653,-204.6304,0.460042,-1.105938,0.088248,16351.0,4814.0,16339.0,4814.0,0.0,0.0,0.0,0.0,368.0,-611.0,279.0,-440.0,0.0,stand~back,171
273.598503,16.6582,-0.0488,-170.7136,0.800228,0.653603,-0.277538,-0.9888,4.3853,-204.7904,0.465542,-1.118938,0.082748,16351.0,4814.0,16339.0,4814.0,-1348.0,0.0,0.0,0.0,361.0,-615.0,279.0,-436.0,0.0,stand~back,171
273.608574,15.9782,-0.2488,-169.9536,0.793728,0.647603,-0.287538,-1.0088,4.6653,-205.6704,0.469042,-1.101938,0.078748,16351.0,4814.0,16339.0,4814.0,-879.0,0.0,0.0,0.0,400.0,-611.0,279.0,-440.0,0.0,stand~back,171
273.618636,16.8582,0.8112,-168.3536,0.796728,0.642103,-0.255538,-0.8488,4.8453,-206.5904,0.464542,-1.126938,0.090248,16352.0,4814.0,16339.0,4814.0,1198.0,0.0,0.0,0.0,343.0,-615.0,275.0,-440.0,0.0,stand~back,171
273.628995,16.4582,-0.0488,-167.4336,0.796228,0.644603,-0.257038,-0.7888,4.8253,-207.3704,0.465042,-1.108938,0.072748,16351.0,4814.0,16339.0,4814.0,1263.0,0.0,0.0,0.0,382.0,-611.0,275.0,-440.0,0.0,stand~back,171
273.639068,15.8782,0.0312,-166.8736,0.788228,0.650103,-0.246538,-1.1288,4.2053,-206.5504,0.466542,-1.112438,0.040248,16351.0,4814.0,16339.0,4814.0,-1121.0,0.0,0.0,0.0,390.0,-611.0,275.0,-436.0,0.0,stand~back,171
273.649205,16.0582,0.0312,-166.7936,0.796728,0.658103,-0.233038,-0.9088,4.2653,-205.8304,0.453042,-1.119938,0.057748,16351.0,4814.0,16339.0,4814.0,-1366.0,0.0,0.0,0.0,365.0,-611.0,272.0,-436.0,0.0,stand~back,171
273.65927,16.1582,0.0112,-167.1736,0.798728,0.647103,-0.236038,-0.7288,4.6853,-204.0304,0.438542,-1.106438,0.057748,16351.0,4814.0,16339.0,4814.0,81.0,0.0,0.0,0.0,329.0,-611.0,275.0,-432.0,0.0,stand~back,171
273.669347,16.2182,-0.0088,-167.3136,0.813728,0.651103,-0.236538,-0.5288,5.3453,-203.1104,0.466542,-1.099438,0.059748,16352.0,4814.0,16339.0,4814.0,70.0,0.0,0.0,0.0,368.0,-611.0,272.0,-436.0,0.0,stand~back,171
273.679582,16.2382,1.1112,-166.8736,0.805728,0.654103,-0.205538,0.0912,5.3853,-202.6304,0.459042,-1.115938,0.079248,16352.0,4814.0,16339.0,4814.0,70.0,0.0,0.0,0.0,329.0,-611.0,272.0,-436.0,0.0,stand~back,171
273.689549,16.3782,1.1112,-167.5136,0.812228,0.650603,-0.198038,-0.3288,4.4653,-202.8104,0.465042,-1.111438,0.059748,16351.0,4814.0,16339.0,4814.0,795.0,0.0,0.0,0.0,347.0,-611.0,268.0,-432.0,0.0,stand~back,171
273.699652,15.8782,0.4712,-167.2736,0.816228,0.656103,-0.226038,-0.5288,4.9253,-203.4904,0.460042,-1.099938,0.054248,16351.0,4814.0,16339.0,4814.0,-1479.0,0.0,0.0,0.0,397.0,-608.0,268.0,-436.0,0.0,stand~back,171
273.709812,15.5382,-0.2088,-166.9936,0.799728,0.663103,-0.229538,0.5512,5.6253,-203.0504,0.459042,-1.090438,0.073248,16352.0,4814.0,16339.0,4814.0,-1000.0,0.0,0.0,0.0,336.0,-611.0,268.0,-436.0,0.0,stand~back,171
273.719967,15.7982,0.5312,-166.5536,0.799728,0.664603,-0.223538,-0.6488,5.0653,-202.6904,0.454542,-1.086938,0.040248,16352.0,4814.0,16339.0,4814.0,1040.0,0.0,0.0,0.0,354.0,-608.0,264.0,-432.0,0.0,stand~back,171
273.72998,15.8982,0.3712,-166.5736,0.798728,0.654603,-0.232038,-0.8088,3.7253,-202.7704,0.462542,-1.080938,0.026748,16352.0,4814.0,16339.0,4814.0,1040.0,0.0,0.0,0.0,354.0,-608.0,264.0,-432.0,0.0,stand~back,171
273.740039,15.7582,0.0112,-166.5136,0.799228,0.653103,-0.231038,-0.5488,4.5453,-203.3104,0.466542,-1.063938,0.047748,16352.0,4814.0,16339.0,4814.0,-293.0,0.0,0.0,0.0,382.0,-611.0,264.0,-432.0,0.0,stand~back,171
273.750094,15.4982,0.1312,-167.3536,0.810728,0.653603,-0.226038,-0.6288,3.6853,-203.7704,0.454042,-1.057938,0.037748,16351.0,4814.0,16339.0,4814.0,-414.0,0.0,0.0,0.0,325.0,-604.0,264.0,-432.0,0.0,stand~back,171
273.76015,15.8182,0.3912,-168.6536,0.816728,0.666603,-0.227538,-0.4488,3.3653,-202.3504,0.449042,-1.044438,0.043248,16351.0,4814.0,16339.0,4814.0,-985.0,0.0,0.0,0.0,339.0,-604.0,264.0,-429.0,0.0,stand~back,171
273.770208,15.7982,-0.1888,-169.3136,0.809228,0.691103,-0.215538,-0.6088,3.6653,-201.2504,0.442542,-1.043938,0.024248,16351.0,4814.0,16339.0,4814.0,-1315.0,0.0,0.0,0.0,415.0,-604.0,261.0,-429.0,0.0,stand~back,171
273.780374,15.1382,0.2112,-169.5536,0.841728,0.706103,-0.197038,-0.1088,4.4853,-201.0304,0.452042,-1.059438,0.055248,16352.0,4814.0,16339.0,4814.0,139.0,0.0,0.0,0.0,350.0,-608.0,261.0,-429.0,0.0,stand~back,171
273.790328,15.5782,-0.1888,-169.1736,0.831228,0.705603,-0.206538,0.1112,3.9253,-201.5104,0.459542,-1.057938,0.030248,16352.0,4814.0,16339.0,4815.0,0.0,0.0,0.0,2139.0,347.0,-604.0,261.0,-450.0,0.0,stand~back,171
273.800458,15.2582,0.2112,-168.7936,0.822228,0.696603,-0.202538,-0.0888,3.9253,-201.4704,0.472042,-1.055938,0.009248,16352.0,4814.0,16339.0,4815.0,0.0,0.0,0.0,2014.0,347.0,-604.0,261.0,-479.0,0.0,stand~back,171
273.810519,15.5182,0.2112,-170.1536,0.844228,0.705103,-0.200038,-0.1288,3.4053,-200.1504,0.473042,-1.051438,-0.004252,16352.0,4814.0,16339.0,4815.0,95.0,0.0,0.0,0.0,361.0,-608.0,261.0,-432.0,0.0,stand~back,171
273.820612,15.5182,0.6912,-171.0336,0.846228,0.706103,-0.215038,0.1512,3.5453,-197.2904,0.455542,-1.036438,-0.017752,16352.0,4814.0,16339.0,4815.0,271.0,0.0,0.0,0.0,350.0,-600.0,257.0,-432.0,0.0,stand~back,171
273.830666,15.9582,0.1912,-171.8136,0.849228,0.703103,-0.206038,-0.4888,2.9253,-194.5104,0.466042,-1.026938,-0.019252,16352.0,4814.0,16339.0,4815.0,-59.0,0.0,0.0,-1699.0,325.0,-600.0,257.0,-432.0,0.0,stand~back,171
273.840724,15.8382,0.3312,-172.0936,0.843728,0.701603,-0.232038,-0.3888,3.2653,-193.2104,0.448542,-0.997938,-0.031252,16352.0,4814.0,16339.0,4816.0,0.0,0.0,0.0,912.0,350.0,-600.0,254.0,-436.0,0.0,stand~back,171
273.850774,16.0382,0.1712,-172.6936,0.850728,0.706103,-0.214038,-0.2488,3.1053,-191.8304,0.455542,-1.003938,-0.028752,16352.0,4814.0,16339.0,4816.0,1176.0,0.0,0.0,0.0,361.0,-604.0,257.0,-436.0,0.0,stand~back,171
273.860833,16.3782,0.8912,-172.7136,0.853728,0.705603,-0.222038,-0.1488,3.1853,-190.3104,0.465042,-1.006438,-0.011252,16352.0,4814.0,16339.0,4817.0,538.0,0.0,0.0,1981.0,357.0,-600.0,254.0,-447.0,0.0,stand~back,171
273.870899,16.1782,0.3112,-173.6136,0.842228,0.710603,-0.228538,-0.3288,3.1853,-188.7704,0.449042,-1.001938,-0.014752,16352.0,4814.0,16339.0,4817.0,0.0,0.0,0.0,1725.0,343.0,-600.0,254.0,-500.0,0.0,stand~back,171
273.880958,16.3982,0.0512,-174.8136,0.843728,0.715103,-0.248538,0.1712,3.8053,-187.9904,0.459042,-0.996438,-0.016752,16352.0,4814.0,16339.0,4816.0,0.0,0.0,0.0,-1644.0,343.0,-600.0,254.0,-443.0,0.0,stand~back,171
273.891008,16.5782,0.1112,-176.0536,0.847728,0.717103,-0.251038,0.4112,3.6853,-187.0504,0.458042,-0.994438,-0.010752,16352.0,4814.0,16339.0,4817.0,0.0,0.0,0.0,77.0,343.0,-604.0,250.0,-447.0,0.0,stand~back,171
273.901065,16.0982,-0.3888,-176.7136,0.828728,0.721603,-0.260538,-0.2688,4.0253,-185.6504,0.461542,-0.983938,-0.008752,16352.0,4814.0,16339.0,4817.0,0.0,0.0,0.0,0.0,343.0,-597.0,250.0,-447.0,0.0,stand~back,171
273.911121,16.9182,0.3712,-176.8136,0.833728,0.719103,-0.245038,0.0912,3.4853,-183.0504,0.456042,-0.976438,0.000748,16352.0,4814.0,16339.0,4817.0,0.0,0.0,0.0,0.0,343.0,-597.0,250.0,-447.0,0.0,stand~back,171
273.921177,16.9182,-0.1888,-177.2536,0.833228,0.720103,-0.276538,-0.5688,3.2053,-181.3904,0.455042,-0.967938,0.010748,16352.0,4814.0,16339.0,4817.0,0.0,0.0,0.0,0.0,339.0,-597.0,250.0,-447.0,0.0,stand~back,171
273.931235,16.6982,-0.1688,-177.6336,0.815728,0.734603,-0.294538,-0.2488,4.0053,-181.0904,0.460042,-0.962938,0.006748,16352.0,4814.0,16339.0,4817.0,0.0,0.0,0.0,0.0,329.0,-597.0,250.0,-447.0,0.0,stand~back,171
273.941291,17.0782,-0.1888,-179.3136,0.823728,0.732603,-0.293038,-0.2288,3.5853,-180.3304,0.456042,-0.954938,0.024248,16351.0,4814.0,16339.0,4817.0,-165.0,0.0,0.0,0.0,350.0,-597.0,250.0,-447.0,0.0,stand~back,171
273.951358,16.8382,-0.4888,-180.7536,0.823228,0.722603,-0.289038,-0.3288,3.2853,-179.0104,0.458542,-0.963438,0.008748,16352.0,4814.0,16339.0,4817.0,-461.0,0.0,0.0,0.0,322.0,-593.0,250.0,-447.0,0.0,stand~back,171
273.961437,17.2582,-0.3088,-181.7936,0.824728,0.743603,-0.290038,-0.2888,3.6853,-176.5504,0.456542,-0.937438,0.007248,16352.0,4814.0,16339.0,4817.0,315.0,0.0,0.0,0.0,336.0,-593.0,247.0,-447.0,0.0,stand~back,171
273.971492,17.5382,-0.6888,-183.8136,0.824228,0.737603,-0.289538,-0.2488,3.6053,-174.0104,0.454042,-0.936938,0.009248,16352.0,4814.0,16339.0,4817.0,553.0,0.0,0.0,0.0,343.0,-593.0,247.0,-447.0,0.0,stand~back,171
273.981549,17.7182,-0.0288,-186.6136,0.838728,0.755603,-0.289038,-0.3288,3.4453,-172.1104,0.444042,-0.922938,0.009248,16352.0,4814.0,16339.0,4817.0,1545.0,0.0,0.0,0.0,332.0,-593.0,247.0,-447.0,0.0,stand~back,171
273.991599,17.7182,-0.1088,-189.4936,0.848228,0.762603,-0.308038,-0.4288,3.9253,-170.0504,0.430042,-0.922938,0.023248,16351.0,4814.0,16339.0,4817.0,-1582.0,0.0,0.0,0.0,390.0,-590.0,243.0,-447.0,1.0,stand~back,171
